<?xml version="1.0" encoding="UTF-8"?>
<project-private xmlns="http://www.netbeans.org/ns/project-private/1">
    <editor-bookmarks xmlns="http://www.netbeans.org/ns/editor-bookmarks/2" lastBookmarkId="0"/>
    <open-files xmlns="http://www.netbeans.org/ns/projectui-open-files/2">
        <group>
            <file>file:/C:/Users/danie/OneDrive/Documentos/NetBeansProjects/poo/trabalhos/prjPOOAdrianaDanielleFranciele/src/fatec/poo/model/Registro.java</file>
            <file>file:/C:/Users/danie/OneDrive/Documentos/NetBeansProjects/poo/trabalhos/prjPOOAdrianaDanielleFranciele/src/fatec/poo/view/GuiCadastroQuarto.java</file>
            <file>file:/C:/Users/danie/OneDrive/Documentos/NetBeansProjects/poo/trabalhos/prjPOOAdrianaDanielleFranciele/src/fatec/poo/model/Quarto.java</file>
            <file>file:/C:/Users/danie/OneDrive/Documentos/NetBeansProjects/poo/trabalhos/prjPOOAdrianaDanielleFranciele/src/fatec/poo/control/DaoRegistro.java</file>
            <file>file:/C:/Users/danie/OneDrive/Documentos/NetBeansProjects/poo/trabalhos/prjPOOAdrianaDanielleFranciele/src/fatec/poo/view/GuiReservaLiberacao.java</file>
            <file>file:/C:/Users/danie/OneDrive/Documentos/NetBeansProjects/poo/trabalhos/prjPOOAdrianaDanielleFranciele/src/fatec/poo/control/DaoQuarto.java</file>
            <file>file:/C:/Users/danie/OneDrive/Documentos/NetBeansProjects/poo/trabalhos/prjPOOAdrianaDanielleFranciele/src/fatec/poo/view/GuiServicoQuarto.java</file>
        </group>
    </open-files>
</project-private>
